employee_id,first_name,last_name,email,gender,ssn,addr
31-1674597,Aurore,Gostridge,agostridge0@nps.gov,Female,707-32-6678,009 Blackbird Drive
10-9362667,Cassy,Jowett,cjowett1@earthlink.net,Female,761-03-7043,48122 8th Park
27-4980355,Zechariah,Storrar,zstorrar2@dell.com,Male,783-52-4294,8 Crescent Oaks Plaza
21-1833312,Siouxie,Coltart,scoltart3@ow.ly,Female,201-41-3526,110 Sunbrook Road
15-5336826,Collin,Blacket,cblacket4@ebay.co.uk,Male,820-36-3443,85853 Forest Center
70-8615593,Cesya,Woodyer,cwoodyer5@google.ca,Female,255-28-0080,5 Springs Court
68-2014085,Sela,McCluskey,smccluskey6@about.me,Female,107-65-5949,312 Leroy Trail
45-8820602,Belicia,Blackleech,bblackleech7@nih.gov,Female,609-91-9882,11493 West Terrace
11-9116816,Klarrisa,Kingswood,kkingswood8@foxnews.com,Female,319-71-2423,389 Lakewood Hill
51-5114065,Cori,Dake,cdake9@bloglovin.com,Male,792-24-6958,8 Donald Plaza
69-7953842,Carri,Beringer,cberingera@goo.gl,Female,228-32-4899,3350 Mosinee Alley
53-6057123,Amory,Filippello,afilippellob@simplemachines.org,Male,338-92-4653,83 Dottie Park
13-3659941,Marillin,Kupisz,mkupiszc@pen.io,Female,284-79-2377,21909 Beilfuss Road
63-5421471,Tiffie,Andrus,tandrusd@nifty.com,Female,447-98-5368,07688 Hooker Pass
09-2375856,Dunc,Laurence,dlaurencee@netscape.com,Male,884-94-0339,93996 Rieder Circle
42-0815927,Carey,Beamiss,cbeamissf@seesaa.net,Male,139-28-1820,35 Center Lane
48-5846060,Nessie,Greasty,ngreastyg@europa.eu,Female,628-63-4031,3685 Mccormick Trail
27-3636804,Tomas,Sambells,tsambellsh@uiuc.edu,Male,127-85-2375,30 Dorton Hill
02-6363367,Cosette,Sibley,csibleyi@jalbum.net,Female,730-25-7717,40 Basil Trail
02-6301744,Anabel,Ready,areadyj@mapy.cz,Female,541-15-5814,74 Oriole Street
23-1831111,Bevan,Iori,biorik@discovery.com,Male,751-45-2999,790 Eagan Road
28-4323407,Jacqui,Northill,jnorthilll@abc.net.au,Female,850-51-4515,785 Jenifer Place
11-4156176,Hamlen,Duchart,hduchartm@uiuc.edu,Male,408-35-5446,98975 Utah Place
33-8402842,Cyb,Kuhlmey,ckuhlmeyn@theglobeandmail.com,Female,567-83-5225,1 Sundown Road
30-9840799,Moises,Noddles,mnoddleso@topsy.com,Male,438-64-6113,95 Warner Court
37-5847469,Selle,O' Reagan,soreaganp@europa.eu,Female,618-58-6193,07 Montana Center
46-3938077,Henrik,Doble,hdobleq@example.com,Male,475-80-5843,202 Esch Junction
08-4114548,Holly,Moakler,hmoaklerr@google.co.uk,Female,438-31-7343,432 Mandrake Lane
64-2730363,Dyanne,Adamovicz,dadamoviczs@addtoany.com,Female,748-28-7761,1056 Manufacturers Crossing
05-0039918,Clerissa,Digman,cdigmant@buzzfeed.com,Female,296-14-2612,24 Havey Trail
85-7040998,Bobinette,Cruces,bcrucesu@craigslist.org,Female,629-67-3088,0220 Daystar Circle
56-1501847,Kalle,Pucknell,kpucknellv@kickstarter.com,Male,443-42-9000,350 Elmside Way
20-8492862,Helge,Eve,hevew@ucoz.ru,Genderqueer,438-31-3616,7 Stephen Crossing
42-9194826,Mariana,Cowley,mcowleyx@1688.com,Female,693-91-7202,59869 Grover Plaza
24-3680273,Kirstin,Vaughton,kvaughtony@cam.ac.uk,Female,217-24-6641,9 Westerfield Drive
53-1141940,Vance,Pettigrew,vpettigrewz@biglobe.ne.jp,Male,454-43-1287,8 Browning Junction
89-7099319,Paige,McGrath,pmcgrath10@dyndns.org,Male,882-50-5677,03583 Kingsford Plaza
09-7910540,Ferrell,Fidge,ffidge11@posterous.com,Male,617-38-8887,1937 Algoma Lane
28-0566264,Robert,Heinert,rheinert12@google.es,Male,797-82-6070,7 Loeprich Way
49-0976456,Dory,Schuchmacher,dschuchmacher13@geocities.jp,Female,195-58-8492,5570 Bultman Avenue
41-5702696,Dennie,McIlriach,dmcilriach14@bloglines.com,Male,298-97-1200,328 Huxley Junction
04-4432155,Mikaela,Somner,msomner15@pinterest.com,Female,362-26-7583,6851 Stuart Hill
42-9831774,Mathe,Birk,mbirk16@exblog.jp,Male,257-51-4322,934 Hanover Parkway
49-1555044,Hilario,Jepson,hjepson17@examiner.com,Male,745-08-1794,65058 Esker Plaza
71-1172174,Shaylynn,Fishley,sfishley18@earthlink.net,Female,616-92-6736,8669 Anhalt Park
62-7505152,Sandi,Bussey,sbussey19@state.tx.us,Female,626-72-3172,8726 Straubel Junction
55-4902800,Alicia,Felmingham,afelmingham1a@netlog.com,Female,164-42-3976,93878 Meadow Valley Plaza
57-4405165,Olva,Jelley,ojelley1b@wsj.com,Female,278-53-0699,3566 Lawn Place
89-8358933,Beauregard,Pikhno,bpikhno1c@imdb.com,Male,428-76-4138,971 Charing Cross Circle
03-1975339,Lucio,Jacqueme,ljacqueme1d@wikipedia.org,Male,727-27-9315,991 Dixon Park
11-0057880,Felicio,Press,fpress1e@fda.gov,Non-binary,367-93-2981,9105 4th Junction
38-7576003,Mariana,Avrasin,mavrasin1f@toplist.cz,Bigender,326-08-3399,4 Rutledge Point
15-3964785,Beryle,Sporrij,bsporrij1g@aboutads.info,Female,386-43-1080,18 Doe Crossing Street
59-8201259,Maury,Pietersen,mpietersen1h@linkedin.com,Male,857-66-4461,05690 Talmadge Center
49-9264842,Mitchel,Shillam,mshillam1i@state.gov,Male,723-98-2251,7 East Park
92-8228466,Veda,Easterfield,veasterfield1j@ezinearticles.com,Female,735-56-5116,55224 Lyons Center
83-5962631,Michale,Yitzowitz,myitzowitz1k@goo.gl,Male,746-35-3887,1 Mockingbird Lane
20-6721735,Karrie,Lordon,klordon1l@newsvine.com,Female,522-13-6045,773 Laurel Street
38-3931604,Konstance,Hazle,khazle1m@upenn.edu,Polygender,474-90-8240,16 Green Ridge Trail
55-0998181,Rees,Provis,rprovis1n@senate.gov,Male,549-17-3840,826 Northport Hill
84-0825951,Field,Bonallick,fbonallick1o@w3.org,Male,589-48-5414,4746 Nelson Parkway
41-0853455,Demetri,Douris,ddouris1p@columbia.edu,Male,134-55-4219,16790 Crest Line Junction
17-2903913,Sansone,Leavens,sleavens1q@i2i.jp,Male,102-69-9990,98879 Gulseth Center
30-7933799,May,Smeaton,msmeaton1r@cloudflare.com,Female,144-03-7430,61273 Sycamore Lane
05-9854258,Benjy,Itscowics,bitscowics1s@mozilla.org,Male,532-17-0888,1 4th Lane
68-9425599,Boonie,Winman,bwinman1t@state.gov,Male,409-46-7921,9 Esch Way
22-5546733,Michale,Drewe,mdrewe1u@home.pl,Male,640-72-9056,46286 Mayer Way
46-5806639,Orsola,Hutchence,ohutchence1v@google.nl,Female,513-85-2718,42 Lien Pass
66-8814293,Jesse,Shufflebotham,jshufflebotham1w@tuttocitta.it,Male,886-93-0615,5213 Cambridge Parkway
85-7496457,Rafe,Hinkens,rhinkens1x@reddit.com,Male,248-67-6016,563 Algoma Terrace
53-1281979,Brandy,Nucciotti,bnucciotti1y@cmu.edu,Male,699-47-4718,42965 Derek Drive
37-4165683,Taddeo,Illingworth,tillingworth1z@apache.org,Agender,665-68-0362,0109 Dixon Alley
07-9858639,Brigg,McIlveen,bmcilveen20@deliciousdays.com,Male,519-19-1855,53756 Shelley Street
14-4001893,Margret,MacGillavery,mmacgillavery21@deliciousdays.com,Female,744-34-0885,78887 Cottonwood Lane
32-5987355,Emory,Falk,efalk22@jugem.jp,Genderfluid,699-29-7759,5 Nelson Alley
38-5636343,Gussi,Strang,gstrang23@google.de,Female,304-85-0523,4 Steensland Park
83-3001965,Rurik,Hallede,rhallede24@fema.gov,Non-binary,455-01-1809,9 Lakewood Avenue
08-0899536,Roberta,Arnaldi,rarnaldi25@apache.org,Female,311-23-9061,0 Packers Avenue
15-6055511,Charley,Grimbaldeston,cgrimbaldeston26@example.com,Male,449-66-9266,54815 Oak Terrace
57-2115375,Chaim,Shoesmith,cshoesmith27@sourceforge.net,Male,162-87-7206,941 Anhalt Pass
19-6406460,Steven,Southard,ssouthard28@businessinsider.com,Male,755-93-5525,0 Maple Plaza
96-7520127,Marchall,Abbitt,mabbitt29@nature.com,Male,253-96-3830,8 Vahlen Road
11-9762143,Rochelle,Brend,rbrend2a@reuters.com,Female,526-19-8031,16 Lindbergh Lane
53-4986153,Yanaton,Losseljong,ylosseljong2b@deviantart.com,Male,184-26-5520,8678 Tony Trail
69-6968247,Marijn,Conachy,mconachy2c@zdnet.com,Male,191-46-2054,22769 Caliangt Alley
48-6233553,Paul,Engley,pengley2d@slideshare.net,Male,398-28-0371,8603 Little Fleur Hill
28-4987891,Ingemar,Wark,iwark2e@cisco.com,Male,476-96-0139,3 Norway Maple Road
49-3025684,Hyman,Walklot,hwalklot2f@reuters.com,Male,615-34-4344,30257 Packers Alley
64-2171484,Giordano,Frushard,gfrushard2g@washingtonpost.com,Male,118-59-2723,3258 Heffernan Center
16-5210787,Chryste,Barlas,cbarlas2h@last.fm,Female,657-82-1506,02280 Shelley Crossing
49-9926358,Sully,Moreno,smoreno2i@wordpress.com,Male,102-43-6758,3 Waywood Pass
43-2844063,Alleyn,Brenard,abrenard2j@ning.com,Male,488-01-0864,24013 Mallory Hill
04-0013822,Eliot,Beal,ebeal2k@tumblr.com,Male,504-52-6299,09806 Pawling Road
89-7444737,Natividad,Paff,npaff2l@alexa.com,Non-binary,370-63-0705,62374 Hanson Alley
89-9066848,Brett,Albin,balbin2m@answers.com,Male,207-42-6079,17 Lunder Park
55-0186147,Greg,Falconer-Taylor,gfalconertaylor2n@hostgator.com,Male,298-60-7295,88 Pennsylvania Alley
18-8781302,Kipp,Lambertazzi,klambertazzi2o@hud.gov,Female,131-91-5300,1614 Kensington Parkway
55-5671392,Luciano,Godly,lgodly2p@mysql.com,Male,531-15-5948,2 Anderson Alley
15-9998388,Orren,Turland,oturland2q@google.fr,Male,525-10-7543,3073 Gina Lane
75-8935072,Jerad,Doutch,jdoutch2r@ow.ly,Male,142-04-5068,8850 Forest Drive
